Sales person,Team
Barr Faughny,Yummies
Dennison Crosswaite,Yummies
Gunar Cockshoot,Yummies
Curtice Advani,Delish
Kaine Padly,Delish
Ches Bonnell,Delish
Brien Boise,Delish
Husein Augar,Delish
Beverie Moffet,Jucies
Oby Sorrel,Jucies
Wilone OKielt,Yummies
Gigi Bohling,Yummies
Andria Kimpton,Delish
Karlen McCaffrey,Delish
Jan Morforth,Yummies
Dotty Strutley,Jucies
Kelci Walkden,Jucies
Marney OBreen,Jucies
Rafaelita Blaksland,Jucies
Madelene Upcott,Jucies
Camilla Castle,Tempo
Jehu Rudeforth,Tempo
Mallorie Waber,Tempo
Van Tuxwell,Tempo
Roddy Speechley,Tempo
